{
    "Name": "Strawberry Frozen Yogurt",
    "Description": "Frozen yogurt decorated with strawberry halves.",
    "Category": "ArtisanGoods",
    "Edibility": 15,
    "Price": 350,
    "IsColored": false,
    "EdibleIsDrink": false,
    "EdibleBuffs": null,
    "Recipe": null,
    "ContextTags":
    [
      "universal_like",
      "color_red",
    ],
    "GiftTastes":
    {
        "Love": [],
        "Like": [],
        "Neutral": [],
        "Dislike": [],
        "Hate": [],
    },
    "NameLocalization":
    {
        "default":"Strawberry Frozen Yogurt",
        //"es": "",
        //"ko": "",
        //"de": "",
        //"fr": "",
        //"hu": "",
        //"it": "",
        //"ja": "",
        //"pt": "",
        //"ru": "",
        //"tr": "",
        //"zh": "",
    },
    "DescriptionLocalization":
    {
        "default": "Frozen yogurt decorated with strawberry halves.",
        //"es": "",
        //"ko": "",
        //"de": "",
        //"fr": "",
        //"hu": "",
        // "it":"",
        //"ja": "",
        //"pt": "",
        //"ru": "",
        //"tr": "",
        //"zh": "",
    },
}