{
    "Name": "Lemon Frozen Yogurt",
    "Description": "A sharp lemon-yellow color and a sharp lemon flavor.",
    "Category": "ArtisanGoods",
    "Edibility": 15,
    "Price": 300,
    "IsColored": false,
    "EdibleIsDrink": false,
    "EdibleBuffs": null,
    "EnableWithMod" : "ppja.moretrees",
    "Recipe": null,
    "ContextTags":
    [
      "universal_like",
      "color_yellow",
    ],
    "GiftTastes":
    {
        "Love": [],
        "Like": [],
        "Neutral": [],
        "Dislike": [],
        "Hate": [],
    },
    "NameLocalization":
    {
        "default":"Lemon Frozen Yogurt",
        //"es": "",
        //"ko": "",
        //"de": "",
        //"fr": "",
        //"hu": "",
        //"it": "",
        //"ja": "",
        //"pt": "",
        //"ru": "",
        //"tr": "",
        //"zh": "",
    },
    "DescriptionLocalization":
    {
        "default": "A sharp lemon-yellow color and a sharp lemon flavor.",
        //"es": "",
        //"ko": "",
        //"de": "",
        //"fr": "",
        //"hu": "",
        // "it":"",
        //"ja": "",
        //"pt": "",
        //"ru": "",
        //"tr": "",
        //"zh": "",
    },
}