[
  // Primary Fruit
  {
      "ProducerName": "Frozen Yogurt Machine",
      "InputIdentifier": "Fruit Yogurt",
      "InputStack": 1,
      "MinutesUntilReady": 120,
      "OutputIdentifier": "Fruit Frozen Yogurt",
      "OutputName": "{inputName} Frozen Yogurt",
      "OutputTranslationKey": "FroyoMachine.FruitFroyo",
      "OutputStack": 1,
      "KeepInputParentIndex": true,
      "InputPriceBased": true,
      "OutputPriceIncrement": 125,
      "Sounds": ["Ship"],
      "OutputColorConfig": {
        "Type": "ObjectDyeColor",
        "Red": 255,
        "Green": 0,
        "Blue": 100,
      },
  },
  {
      "ProducerName": "Frozen Yogurt Machine",
      "InputIdentifier": "-79",
      "ExcludeIdentifiers": [
        "454", // Ancient Fruit
        "613", // Apple
        "91", // Banana
        "410", // Blackberry
        "258", // Blueberry
        "90", // Cactus Fruit
        "638", // Cherry
        "88", // Coconut
        "282", // Cranberries
        "414", // Crystal Fruit
        "398", // Grape
        "260", // Hot Pepper
        "834", // Mango
        "254", // Melon
        "635", // Orange
        "636", // Peach
        "832", // Pineapple
        "637", // Pomegranate
        "889", // Qi Fruit
        "296", // Salmonberry
        "396", // Spice Berry
        "268", // Starfruit
        "400", // Strawberry
        "Lemon",
        "Lime",
        "Kiwi",
        "Raspberry",
      ],
      "InputStack": 1,
      "FuelIdentifier": "Yogurt",
      "FuelStack": 1,
      "MinutesUntilReady": 120,
      "OutputIdentifier": "Fruit Frozen Yogurt",
      "OutputName": "{inputName} Frozen Yogurt",
      "OutputTranslationKey": "FroyoMachine.FruitFroyo",
      "OutputStack": 1,
      "InputPriceBased": true,
      "OutputPriceIncrement": 125,
      "OutputPriceMultiplier": 1.75,
      "Sounds": ["Ship"],
      "OutputColorConfig": {
        "Type": "ObjectDyeColor",
        "Red": 255,
        "Green": 0,
        "Blue": 100,
      },
  },
  {
      "ProducerName": "Frozen Yogurt Machine",
      "InputIdentifier": "454",
      "InputStack": 1,
      "FuelIdentifier": "Yogurt",
      "FuelStack": 1,
      "MinutesUntilReady": 120,
      "OutputIdentifier": "Ancient Fruit Frozen Yogurt",
      "OutputStack": 1,
      "Sounds": ["Ship"],
  },
  {
      "ProducerName": "Frozen Yogurt Machine",
      "InputIdentifier": "613",
      "InputStack": 1,
      "FuelIdentifier": "Yogurt",
      "FuelStack": 1,
      "MinutesUntilReady": 120,
      "OutputIdentifier": "Apple Frozen Yogurt",
      "OutputStack": 1,
      "Sounds": ["Ship"],
  },
  {
      "ProducerName": "Frozen Yogurt Machine",
      "InputIdentifier": "91",
      "InputStack": 1,
      "FuelIdentifier": "Yogurt",
      "FuelStack": 1,
      "MinutesUntilReady": 120,
      "OutputIdentifier": "Banana Frozen Yogurt",
      "OutputStack": 1,
      "Sounds": ["Ship"],
  },
  {
      "ProducerName": "Frozen Yogurt Machine",
      "InputIdentifier": "410",
      "InputStack": 1,
      "FuelIdentifier": "Yogurt",
      "FuelStack": 1,
      "MinutesUntilReady": 120,
      "OutputIdentifier": "Blackberry Frozen Yogurt",
      "OutputStack": 1,
      "Sounds": ["Ship"],
  },
  {
      "ProducerName": "Frozen Yogurt Machine",
      "InputIdentifier": "258",
      "InputStack": 1,
      "FuelIdentifier": "Yogurt",
      "FuelStack": 1,
      "MinutesUntilReady": 120,
      "OutputIdentifier": "Blueberry Frozen Yogurt",
      "OutputStack": 1,
      "Sounds": ["Ship"],
  },
  {
      "ProducerName": "Frozen Yogurt Machine",
      "InputIdentifier": "90",
      "InputStack": 1,
      "FuelIdentifier": "Yogurt",
      "FuelStack": 1,
      "MinutesUntilReady": 120,
      "OutputIdentifier": "Cactus Fruit Frozen Yogurt",
      "OutputStack": 1,
      "Sounds": ["Ship"],
  },
  {
      "ProducerName": "Frozen Yogurt Machine",
      "InputIdentifier": "638",
      "InputStack": 1,
      "FuelIdentifier": "Yogurt",
      "FuelStack": 1,
      "MinutesUntilReady": 120,
      "OutputIdentifier": "Cherry Frozen Yogurt",
      "OutputStack": 1,
      "Sounds": ["Ship"],
  },
  {
      "ProducerName": "Frozen Yogurt Machine",
      "InputIdentifier": "88",
      "InputStack": 1,
      "FuelIdentifier": "Yogurt",
      "FuelStack": 1,
      "MinutesUntilReady": 120,
      "OutputIdentifier": "Coconut Frozen Yogurt",
      "OutputStack": 1,
      "Sounds": ["Ship"],
  },
  {
      "ProducerName": "Frozen Yogurt Machine",
      "InputIdentifier": "282",
      "InputStack": 1,
      "FuelIdentifier": "Yogurt",
      "FuelStack": 1,
      "MinutesUntilReady": 120,
      "OutputIdentifier": "Cranberry Frozen Yogurt",
      "OutputStack": 1,
      "Sounds": ["Ship"],
  },
  {
      "ProducerName": "Frozen Yogurt Machine",
      "InputIdentifier": "414",
      "InputStack": 1,
      "FuelIdentifier": "Yogurt",
      "FuelStack": 1,
      "MinutesUntilReady": 120,
      "OutputIdentifier": "Crystal Fruit Frozen Yogurt",
      "OutputStack": 1,
      "Sounds": ["Ship"],
  },
  {
      "ProducerName": "Frozen Yogurt Machine",
      "InputIdentifier": "398",
      "InputStack": 1,
      "FuelIdentifier": "Yogurt",
      "FuelStack": 1,
      "MinutesUntilReady": 120,
      "OutputIdentifier": "Grape Frozen Yogurt",
      "OutputStack": 1,
      "Sounds": ["Ship"],
  },
  {
      "ProducerName": "Frozen Yogurt Machine",
      "InputIdentifier": "260",
      "InputStack": 1,
      "FuelIdentifier": "Yogurt",
      "FuelStack": 1,
      "MinutesUntilReady": 120,
      "OutputIdentifier": "Hot Pepper Frozen Yogurt",
      "OutputStack": 1,
      "Sounds": ["Ship"],
  },
  {
      "ProducerName": "Frozen Yogurt Machine",
      "InputIdentifier": "834",
      "InputStack": 1,
      "FuelIdentifier": "Yogurt",
      "FuelStack": 1,
      "MinutesUntilReady": 120,
      "OutputIdentifier": "Mango Frozen Yogurt",
      "OutputStack": 1,
      "Sounds": ["Ship"],
  },
  {
      "ProducerName": "Frozen Yogurt Machine",
      "InputIdentifier": "254",
      "InputStack": 1,
      "FuelIdentifier": "Yogurt",
      "FuelStack": 1,
      "MinutesUntilReady": 240,
      "OutputIdentifier": "Pink Melon Frozen Yogurt",
      "OutputStack": 1,
      "Sounds": ["Ship"],
  },
  {
      "ProducerName": "Frozen Yogurt Machine",
      "InputIdentifier": "635",
      "InputStack": 1,
      "FuelIdentifier": "Yogurt",
      "FuelStack": 1,
      "MinutesUntilReady": 120,
      "OutputIdentifier": "Orange Frozen Yogurt",
      "OutputStack": 1,
      "Sounds": ["Ship"],
  },
  {
      "ProducerName": "Frozen Yogurt Machine",
      "InputIdentifier": "636",
      "InputStack": 1,
      "FuelIdentifier": "Yogurt",
      "FuelStack": 1,
      "MinutesUntilReady": 120,
      "OutputIdentifier": "Peach Frozen Yogurt",
      "OutputStack": 1,
      "Sounds": ["Ship"],
  },
  {
      "ProducerName": "Frozen Yogurt Machine",
      "InputIdentifier": "832",
      "InputStack": 1,
      "FuelIdentifier": "Yogurt",
      "FuelStack": 1,
      "MinutesUntilReady": 120,
      "OutputIdentifier": "Pineapple Frozen Yogurt",
      "OutputStack": 1,
      "Sounds": ["Ship"],
  },
  {
      "ProducerName": "Frozen Yogurt Machine",
      "InputIdentifier": "637",
      "InputStack": 1,
      "FuelIdentifier": "Yogurt",
      "FuelStack": 1,
      "MinutesUntilReady": 120,
      "OutputIdentifier": "Pomegranate Frozen Yogurt",
      "OutputStack": 1,
      "Sounds": ["Ship"],
  },
  {
      "ProducerName": "Frozen Yogurt Machine",
      "InputIdentifier": "296",
      "InputStack": 1,
      "FuelIdentifier": "Yogurt",
      "FuelStack": 1,
      "MinutesUntilReady": 120,
      "OutputIdentifier": "Salmonberry Frozen Yogurt",
      "OutputStack": 1,
      "Sounds": ["Ship"],
  },
  {
      "ProducerName": "Frozen Yogurt Machine",
      "InputIdentifier": "396",
      "InputStack": 1,
      "FuelIdentifier": "Yogurt",
      "FuelStack": 1,
      "MinutesUntilReady": 120,
      "OutputIdentifier": "Spice Berry Frozen Yogurt",
      "OutputStack": 1,
      "Sounds": ["Ship"],
  },
  {
      "ProducerName": "Frozen Yogurt Machine",
      "InputIdentifier": "268",
      "InputStack": 1,
      "FuelIdentifier": "Yogurt",
      "FuelStack": 1,
      "MinutesUntilReady": 120,
      "OutputIdentifier": "Starfruit Frozen Yogurt",
      "OutputStack": 1,
      "Sounds": ["Ship"],
  },
  {
      "ProducerName": "Frozen Yogurt Machine",
      "InputIdentifier": "400",
      "InputStack": 1,
      "FuelIdentifier": "Yogurt",
      "FuelStack": 1,
      "MinutesUntilReady": 120,
      "OutputIdentifier": "Strawberry Frozen Yogurt",
      "OutputStack": 1,
      "Sounds": ["Ship"],
  },
  {
      "ProducerName": "Frozen Yogurt Machine",
      "InputIdentifier": "Lemon",
      "InputStack": 1,
      "FuelIdentifier": "Yogurt",
      "FuelStack": 1,
      "MinutesUntilReady": 120,
      "OutputIdentifier": "Lemon Frozen Yogurt",
      "OutputStack": 1,
      "Sounds": ["Ship"],
  },
  {
      "ProducerName": "Frozen Yogurt Machine",
      "InputIdentifier": "Lime",
      "InputStack": 1,
      "FuelIdentifier": "Yogurt",
      "FuelStack": 1,
      "MinutesUntilReady": 120,
      "OutputIdentifier": "Lime Frozen Yogurt",
      "OutputStack": 1,
      "Sounds": ["Ship"],
  },
  {
      "ProducerName": "Frozen Yogurt Machine",
      "InputIdentifier": "Kiwi",
      "InputStack": 1,
      "FuelIdentifier": "Yogurt",
      "FuelStack": 1,
      "MinutesUntilReady": 120,
      "OutputIdentifier": "Kiwi Frozen Yogurt",
      "OutputStack": 1,
      "Sounds": ["Ship"],
  },
  {
      "ProducerName": "Frozen Yogurt Machine",
      "InputIdentifier": "Raspberry",
      "InputStack": 1,
      "FuelIdentifier": "Yogurt",
      "FuelStack": 1,
      "MinutesUntilReady": 120,
      "OutputIdentifier": "Raspberry Frozen Yogurt",
      "OutputStack": 1,
      "Sounds": ["Ship"],
  },
  // Misc Flavors
  {
      "ProducerName": "Frozen Yogurt Machine",
      "InputIdentifier": "223",
      "InputStack": 1,
      "FuelIdentifier": "Yogurt",
      "FuelStack": 1,
      "MinutesUntilReady": 120,
      "OutputIdentifier": "Cookies and Cream Frozen Yogurt",
      "OutputStack": 1,
      "Sounds": ["Ship"],
  },
  {
      "ProducerName": "Frozen Yogurt Machine",
      "InputIdentifier": "340",
      "InputStack": 1,
      "FuelIdentifier": "Yogurt",
      "FuelStack": 1,
      "MinutesUntilReady": 120,
      "OutputIdentifier": "Honey Frozen Yogurt",
      "OutputStack": 1,
      "Sounds": ["Ship"],
  },
  {
      "ProducerName": "Frozen Yogurt Machine",
      "InputIdentifier": "395",
      "InputStack": 1,
      "FuelIdentifier": "Yogurt",
      "FuelStack": 1,
      "MinutesUntilReady": 120,
      "OutputIdentifier": "Coffee Frozen Yogurt",
      "OutputStack": 1,
      "Sounds": ["Ship"],
  },
  {
      "ProducerName": "Frozen Yogurt Machine",
      "InputIdentifier": "608",
      "InputStack": 1,
      "FuelIdentifier": "Yogurt",
      "FuelStack": 2,
      "MinutesUntilReady": 120,
      "OutputIdentifier": "Pumpkin Pie Frozen Yogurt",
      "OutputStack": 2,
      "Sounds": ["Ship"],
  },
  {
      "ProducerName": "Frozen Yogurt Machine",
      "InputIdentifier": "815",
      "InputStack": 1,
      "FuelIdentifier": "Yogurt",
      "FuelStack": 1,
      "MinutesUntilReady": 120,
      "OutputIdentifier": "Green Tea Frozen Yogurt",
      "OutputStack": 1,
      "Sounds": ["Ship"],
  },
  {
      "ProducerName": "Frozen Yogurt Machine",
      "InputIdentifier": "829",
      "InputStack": 1,
      "FuelIdentifier": "Yogurt",
      "FuelStack": 1,
      "MinutesUntilReady": 120,
      "OutputIdentifier": "Ginger Frozen Yogurt",
      "OutputStack": 1,
      "Sounds": ["Ship"],
  },
  {
      "ProducerName": "Frozen Yogurt Machine",
      "InputIdentifier": "830",
      "InputStack": 1,
      "FuelIdentifier": "Yogurt",
      "FuelStack": 1,
      "MinutesUntilReady": 120,
      "OutputIdentifier": "Taro Frozen Yogurt",
      "OutputStack": 1,
      "Sounds": ["Ship"],
  },
  {
      "ProducerName": "Frozen Yogurt Machine",
      "InputIdentifier": "Caramel",
      "InputStack": 1,
      "FuelIdentifier": "Yogurt",
      "FuelStack": 2,
      "MinutesUntilReady": 120,
      "OutputIdentifier": "Caramel Frozen Yogurt",
      "OutputStack": 2,
      "Sounds": ["Ship"],
  },
  {
      "ProducerName": "Frozen Yogurt Machine",
      "InputIdentifier": "Cheesecake",
      "InputStack": 1,
      "FuelIdentifier": "Yogurt",
      "FuelStack": 2,
      "MinutesUntilReady": 120,
      "OutputIdentifier": "Cheesecake Frozen Yogurt",
      "OutputStack": 2,
      "Sounds": ["Ship"],
  },
  {
      "ProducerName": "Frozen Yogurt Machine",
      "InputIdentifier": "Chocolate",
      "InputStack": 1,
      "FuelIdentifier": "Yogurt",
      "FuelStack": 1,
      "MinutesUntilReady": 120,
      "OutputIdentifier": "Chocolate Frozen Yogurt",
      "OutputStack": 1,
      "Sounds": ["Ship"],
  },
  {
      "ProducerName": "Frozen Yogurt Machine",
      "InputIdentifier": "Mint",
      "InputStack": 1,
      "FuelIdentifier": "Yogurt",
      "FuelStack": 1,
      "MinutesUntilReady": 120,
      "OutputIdentifier": "Mint Frozen Yogurt",
      "OutputStack": 1,
      "Sounds": ["Ship"],
  },
  {
      "ProducerName": "Frozen Yogurt Machine",
      "InputIdentifier": "Vanilla",
      "InputStack": 1,
      "FuelIdentifier": "Yogurt",
      "FuelStack": 2,
      "MinutesUntilReady": 120,
      "OutputIdentifier": "Vanilla Frozen Yogurt",
      "OutputStack": 2,
      "Sounds": ["Ship"],
  },
  // Fantasy Flavors
  {
      "ProducerName": "Frozen Yogurt Machine",
      "InputIdentifier": "74",
      "InputStack": 1,
      "FuelIdentifier": "Yogurt",
      "FuelStack": 1,
      "MinutesUntilReady": 360,
      "OutputIdentifier": "Prismatic Frozen Yogurt",
      "OutputStack": 1,
      "Sounds": ["Ship"],
  },
  {
      "ProducerName": "Frozen Yogurt Machine",
      "InputIdentifier": "279",
      "InputStack": 1,
      "FuelIdentifier": "Yogurt",
      "FuelStack": 4,
      "MinutesUntilReady": 360,
      "OutputIdentifier": "Prismatic Frozen Yogurt",
      "OutputStack": 4,
      "Sounds": ["Ship"],
  },
  {
      "ProducerName": "Frozen Yogurt Machine",
      "InputIdentifier": "889",
      "InputStack": 1,
      "FuelIdentifier": "Yogurt",
      "FuelStack": 1,
      "MinutesUntilReady": 360,
      "OutputIdentifier": "Qi's Frozen Yogurt",
      "OutputStack": 1,
      "Sounds": ["Ship"],
  },
  // Nut-Based Flavors
//  {
//      "ProducerName": "Frozen Yogurt Machine",
//      "InputIdentifier": "nut_item",
//      "InputStack": 1,
//      "ExcludeIdentifiers": [ "408" ],
//      "FuelIdentifier": "Yogurt",
//      "FuelStack": 1,
//      "MinutesUntilReady": 120,
//      "OutputIdentifier": "Nut Butter Frozen Yogurt",
//      "OutputName": "{inputName} Butter Frozen Yogurt",
//      "OutputTranslationKey": "FroyoMachine.NutFroyo",
//      "OutputStack": 1,
//      "InputPriceBased": true,
//      "OutputPriceIncrement": 125,
//      "OutputPriceMultiplier": 1.75,
//      "Sounds": ["Ship"],
//  },
  {
      "ProducerName": "Frozen Yogurt Machine",
      "InputIdentifier": "ph_nut",
      "InputStack": 1,
      "ExcludeIdentifiers": [ "408" ],
      "FuelIdentifier": "Yogurt",
      "FuelStack": 1,
      "MinutesUntilReady": 120,
      "OutputIdentifier": "Nut Butter Frozen Yogurt",
      "OutputName": "{inputName} Butter Frozen Yogurt",
      "OutputTranslationKey": "FroyoMachine.NutFroyo",
      "OutputStack": 1,
      "InputPriceBased": true,
      "OutputPriceIncrement": 125,
      "OutputPriceMultiplier": 1.75,
      "Sounds": ["Ship"],
  },
  {
      "ProducerName": "Frozen Yogurt Machine",
      "InputIdentifier": "408",
      "InputStack": 1,
      "FuelIdentifier": "Yogurt",
      "FuelStack": 1,
      "MinutesUntilReady": 120,
      "OutputIdentifier": "Hazelnut Frozen Yogurt",
      "OutputStack": 1,
      "Sounds": ["Ship"],
  },
  // Plain
  {
      "ProducerName": "Frozen Yogurt Machine",
      "InputIdentifier": "Yogurt",
      "InputStack": 1,
      "MinutesUntilReady": 120,
      "OutputIdentifier": "Plain Frozen Yogurt",
      "OutputStack": 1,
      "InputPriceBased": false,
      "Sounds": ["Ship"],
  },
]