[
  // Fruit
  {
      "ProducerName": "Frozen Yogurt Machine",
      "InputIdentifier": "Fruit Yogurt",
      "InputStack": 1,
      "MinutesUntilReady": 120,
      "OutputIdentifier": "Fruit Frozen Yogurt",
      "OutputName": "{inputName} Frozen Yogurt",
      "OutputTranslationKey": "FroyoMachine.FruitFroyo",
      "OutputStack": 1,
      "KeepInputParentIndex": true,
      "InputPriceBased": true,
      "OutputPriceIncrement": 125,
      "Sounds": ["Ship"],
      "OutputColorConfig": {
        "Type": "ObjectDyeColor",
        "Red": 255,
        "Green": 0,
        "Blue": 100,
      },
  },
  {
      "ProducerName": "Frozen Yogurt Machine",
      "InputIdentifier": "-79",
      "InputStack": 1,
      "FuelIdentifier": "Yogurt",
      "FuelStack": 1,
      "MinutesUntilReady": 120,
      "OutputIdentifier": "Fruit Frozen Yogurt",
      "OutputName": "{inputName} Frozen Yogurt",
      "OutputTranslationKey": "FroyoMachine.FruitFroyo",
      "OutputStack": 1,
      "InputPriceBased": true,
      "OutputPriceIncrement": 125,
      "OutputPriceMultiplier": 1.75,
      "Sounds": ["Ship"],
      "OutputColorConfig": {
        "Type": "ObjectDyeColor",
        "Red": 255,
        "Green": 0,
        "Blue": 100,
      },
  },
  // Misc Flavors
  {
      "ProducerName": "Frozen Yogurt Machine",
      "InputIdentifier": "340",
      "InputStack": 1,
      "FuelIdentifier": "Yogurt",
      "FuelStack": 1,
      "MinutesUntilReady": 120,
      "OutputIdentifier": "Honey Frozen Yogurt",
      "OutputStack": 1,
      "Sounds": ["Ship"],
  },
  {
      "ProducerName": "Frozen Yogurt Machine",
      "InputIdentifier": "815",
      "InputStack": 1,
      "FuelIdentifier": "Yogurt",
      "FuelStack": 1,
      "MinutesUntilReady": 120,
      "OutputIdentifier": "Green Tea Frozen Yogurt",
      "OutputStack": 1,
      "Sounds": ["Ship"],
  },
  {
      "ProducerName": "Frozen Yogurt Machine",
      "InputIdentifier": "223",
      "InputStack": 1,
      "FuelIdentifier": "Yogurt",
      "FuelStack": 1,
      "MinutesUntilReady": 120,
      "OutputIdentifier": "Cookies and Cream Frozen Yogurt",
      "OutputStack": 1,
      "Sounds": ["Ship"],
  },
  {
      "ProducerName": "Frozen Yogurt Machine",
      "InputIdentifier": "Vanilla",
      "InputStack": 1,
      "FuelIdentifier": "Yogurt",
      "FuelStack": 2,
      "MinutesUntilReady": 120,
      "OutputIdentifier": "Vanilla Frozen Yogurt",
      "OutputStack": 2,
      "Sounds": ["Ship"],
  },
  {
      "ProducerName": "Frozen Yogurt Machine",
      "InputIdentifier": "Mint",
      "InputStack": 1,
      "FuelIdentifier": "Yogurt",
      "FuelStack": 1,
      "MinutesUntilReady": 120,
      "OutputIdentifier": "Mint Frozen Yogurt",
      "OutputStack": 1,
      "Sounds": ["Ship"],
  },
  {
      "ProducerName": "Frozen Yogurt Machine",
      "InputIdentifier": "608",
      "InputStack": 1,
      "FuelIdentifier": "Yogurt",
      "FuelStack": 2,
      "MinutesUntilReady": 120,
      "OutputIdentifier": "Pumpkin Pie Frozen Yogurt",
      "OutputStack": 2,
      "Sounds": ["Ship"],
  },
  {
      "ProducerName": "Frozen Yogurt Machine",
      "InputIdentifier": "Cheesecake",
      "InputStack": 1,
      "FuelIdentifier": "Yogurt",
      "FuelStack": 2,
      "MinutesUntilReady": 120,
      "OutputIdentifier": "Cheesecake Frozen Yogurt",
      "OutputStack": 2,
      "Sounds": ["Ship"],
  },
  {
      "ProducerName": "Frozen Yogurt Machine",
      "InputIdentifier": "Caramel",
      "InputStack": 1,
      "FuelIdentifier": "Yogurt",
      "FuelStack": 2,
      "MinutesUntilReady": 120,
      "OutputIdentifier": "Caramel Frozen Yogurt",
      "OutputStack": 2,
      "Sounds": ["Ship"],
  },
  {
      "ProducerName": "Frozen Yogurt Machine",
      "InputIdentifier": "829",
      "InputStack": 1,
      "FuelIdentifier": "Yogurt",
      "FuelStack": 1,
      "MinutesUntilReady": 120,
      "OutputIdentifier": "Ginger Frozen Yogurt",
      "OutputStack": 1,
      "Sounds": ["Ship"],
  },
  {
      "ProducerName": "Frozen Yogurt Machine",
      "InputIdentifier": "279",
      "InputStack": 1,
      "FuelIdentifier": "Yogurt",
      "FuelStack": 4,
      "MinutesUntilReady": 360,
      "OutputIdentifier": "Prismatic Frozen Yogurt",
      "OutputStack": 4,
      "Sounds": ["Ship"],
  },
  {
      "ProducerName": "Frozen Yogurt Machine",
      "InputIdentifier": "74",
      "InputStack": 1,
      "FuelIdentifier": "Yogurt",
      "FuelStack": 1,
      "MinutesUntilReady": 360,
      "OutputIdentifier": "Prismatic Frozen Yogurt",
      "OutputStack": 1,
      "Sounds": ["Ship"],
  },
  // Nut-Based Flavors
  {
      "ProducerName": "Frozen Yogurt Machine",
      "InputIdentifier": "408",
      "InputStack": 1,
      "FuelIdentifier": "Yogurt",
      "FuelStack": 1,
      "AdditionalFuel": {
        "Chocolate":1,
      },
      "MinutesUntilReady": 120,
      "OutputIdentifier": "Chocolate Hazelnut Frozen Yogurt",
      "OutputStack": 1,
      "Sounds": ["Ship"],
  },
  {
      "ProducerName": "Frozen Yogurt Machine",
      "InputIdentifier": "nut_item",
      "InputStack": 1,
      "FuelIdentifier": "Yogurt",
      "FuelStack": 1,
      "MinutesUntilReady": 120,
      "OutputIdentifier": "Nut Butter Frozen Yogurt",
      "OutputName": "{inputName} Butter Frozen Yogurt",
      "OutputTranslationKey": "FroyoMachine.NutFroyo",
      "OutputStack": 1,
      "InputPriceBased": true,
      "OutputPriceIncrement": 125,
      "OutputPriceMultiplier": 1.75,
      "Sounds": ["Ship"],
  },
  {
      "ProducerName": "Frozen Yogurt Machine",
      "InputIdentifier": "ph_nut",
      "InputStack": 1,
      "FuelIdentifier": "Yogurt",
      "FuelStack": 1,
      "MinutesUntilReady": 120,
      "OutputIdentifier": "Nut Butter Frozen Yogurt",
      "OutputName": "{inputName} Butter Frozen Yogurt",
      "OutputTranslationKey": "FroyoMachine.NutFroyo",
      "OutputStack": 1,
      "InputPriceBased": true,
      "OutputPriceIncrement": 125,
      "OutputPriceMultiplier": 1.75,
      "Sounds": ["Ship"],
  },
  // Chocolate-Based Flavors
  {
      "ProducerName": "Frozen Yogurt Machine",
      "InputIdentifier": "395",
      "InputStack": 1,
      "FuelIdentifier": "Yogurt",
      "FuelStack": 1,
      "AdditionalFuel": {
        "Chocolate":1,
      },
      "MinutesUntilReady": 120,
      "OutputIdentifier": "Mocha Frozen Yogurt",
      "OutputStack": 1,
      "Sounds": ["Ship"],
  },
  {
      "ProducerName": "Frozen Yogurt Machine",
      "InputIdentifier": "Chocolate",
      "InputStack": 1,
      "FuelIdentifier": "Yogurt",
      "FuelStack": 1,
      "MinutesUntilReady": 120,
      "OutputIdentifier": "Chocolate Frozen Yogurt",
      "OutputStack": 1,
      "Sounds": ["Ship"],
  },
  // Plain
  {
      "ProducerName": "Frozen Yogurt Machine",
      "InputIdentifier": "Yogurt",
      "InputStack": 1,
      "MinutesUntilReady": 120,
      "OutputIdentifier": "Plain Frozen Yogurt",
      "OutputStack": 1,
      "InputPriceBased": false,
      "Sounds": ["Ship"],
  },
]