{
    "Name": "Mocha Frozen Yogurt",
    "Description": "Smooth and creamy chocolate frozen yogurt with a sophisticated bitterness from fresh coffee.",
    "Category": "ArtisanGoods",
    "Edibility": 15,
    "Price": 600,
    "IsColored": false,
    "EdibleIsDrink": false,
    "EnableWithMod": "paradigmnomad.morefood",
    "EdibleBuffs": {
      "Farming": 0,
      "Fishing": 0,
      "Mining": 0,
      "Luck": 1,
      "Duration": 120,
      "Speed": 1,
    },
    "Recipe": null,
    "ContextTags":
    [
      "universal_like",
      "color_brown",
    ],
    "GiftTastes":
    {
        "Love": ["Harvey"],
        "Like": [],
        "Neutral": [],
        "Dislike": ["Leo"],
        "Hate": ["Jas", "Vincent"],
    },
    "NameLocalization":
    {
        "default":"Mocha Frozen Yogurt",
        //"es": "",
        //"ko": "",
        //"de": "",
        //"fr": "",
        //"hu": "",
        //"it": "",
        //"ja": "",
        //"pt": "",
        //"ru": "",
        //"tr": "",
        //"zh": "",
    },
    "DescriptionLocalization":
    {
        "default": "Smooth and creamy chocolate frozen yogurt with a sophisticated bitterness from fresh coffee.",
        //"es": "",
        //"ko": "",
        //"de": "",
        //"fr": "",
        //"hu": "",
        // "it":"",
        //"ja": "",
        //"pt": "",
        //"ru": "",
        //"tr": "",
        //"zh": "",
    },
}