[
  // Choco Swirl Flavors
  {
      "ProducerName": "Chocolate Swirl Machine",
      "InputIdentifier": "Caramel Frozen Yogurt",
      "InputStack": 1,
      "FuelIdentifier": "Chocolate",
      "FuelStack": 1,
      "MinutesUntilReady": 120,
      "OutputIdentifier": "Chocolate Caramel Frozen Yogurt",
      "OutputStack": 1,
      "Sounds": ["Ship"],
  },
  {
      "ProducerName": "Chocolate Swirl Machine",
      "InputIdentifier": "Chocolate Frozen Yogurt",
      "InputStack": 1,
      "FuelIdentifier": "Chocolate",
      "FuelStack": 1,
      "MinutesUntilReady": 120,
      "OutputIdentifier": "Double Chocolate Frozen Yogurt",
      "OutputStack": 1,
      "Sounds": ["Ship"],
  },
  {
      "ProducerName": "Chocolate Swirl Machine",
      "InputIdentifier": "Coffee Frozen Yogurt",
      "InputStack": 1,
      "FuelIdentifier": "Chocolate",
      "FuelStack": 1,
      "MinutesUntilReady": 120,
      "OutputIdentifier": "Mocha Frozen Yogurt",
      "OutputStack": 1,
      "Sounds": ["Ship"],
  },
  {
      "ProducerName": "Chocolate Swirl Machine",
      "InputIdentifier": "Hazelnut Frozen Yogurt",
      "InputStack": 1,
      "FuelIdentifier": "Chocolate",
      "FuelStack": 1,
      "MinutesUntilReady": 120,
      "OutputIdentifier": "Chocolate Hazelnut Frozen Yogurt",
      "OutputStack": 1,
      "Sounds": ["Ship"],
  },
  {
      "ProducerName": "Chocolate Swirl Machine",
      "InputIdentifier": "Cookies and Cream Frozen Yogurt",
      "InputStack": 1,
      "FuelIdentifier": "Chocolate",
      "FuelStack": 1,
      "MinutesUntilReady": 120,
      "OutputIdentifier": "Chocolate Cookies and Cream Frozen Yogurt",
      "OutputStack": 1,
      "Sounds": ["Ship"],
  },
  {
      "ProducerName": "Chocolate Swirl Machine",
      "InputIdentifier": "Mint Frozen Yogurt",
      "InputStack": 1,
      "FuelIdentifier": "Chocolate",
      "FuelStack": 1,
      "MinutesUntilReady": 120,
      "OutputIdentifier": "Mint Chocolate Frozen Yogurt",
      "OutputStack": 1,
      "Sounds": ["Ship"],
  },
  {
      "ProducerName": "Chocolate Swirl Machine",
      "InputIdentifier": "Vanilla Frozen Yogurt",
      "InputStack": 1,
      "FuelIdentifier": "Chocolate",
      "FuelStack": 1,
      "MinutesUntilReady": 120,
      "OutputIdentifier": "Fudge Royal Frozen Yogurt",
      "OutputStack": 1,
      "Sounds": ["Ship"],
  },
  {
      "ProducerName": "Chocolate Swirl Machine",
      "InputIdentifier": "Nut Butter Frozen Yogurt",
      "InputStack": 1,
      "FuelIdentifier": "Chocolate",
      "FuelStack": 1,
      "MinutesUntilReady": 120,
      "OutputIdentifier": "Chocolate Nut Butter Frozen Yogurt",
      "OutputName": "Chocolate-{inputName} Butter Frozen Yogurt",
      "OutputTranslationKey": "ChocoSwirlFroyo.ChocoNutButtFroyo",
      "OutputStack": 1,
      "InputPriceBased": true,
      "OutputPriceIncrement": 500,
      "OutputPriceMultiplier": 1.00,
      "Sounds": ["Ship"],
      "KeepInputParentIndex": true,
  },
  {
      "ProducerName": "Frozen Yogurt Machine",
      "InputIdentifier": "Fudge Royal Frozen Yogurt",
      "InputStack": 1,
      "FuelIdentifier": "400", // Strawberry
      "FuelStack": 1,
      "MinutesUntilReady": 120,
      "OutputIdentifier": "Neapolitan Frozen Yogurt",
      "OutputStack": 1,
      "Sounds": ["Ship"],
  },
  // Fruit/Chocolate Combinations
  {
      "ProducerName": "Chocolate Swirl Machine",
      "InputIdentifier": "Fruit Frozen Yogurt",
      "InputStack": 1,
      "FuelIdentifier": "Chocolate",
      "FuelStack": 1,
      "MinutesUntilReady": 120,
      "OutputIdentifier": "Chocolate Swirl Fruit Frozen Yogurt",
      "OutputName": "Chocolate-{inputName} Frozen Yogurt",
      "OutputTranslationKey": "ChocoSwirlFroyo.ChocoFruitFroyo",
      "OutputStack": 1,
      "InputPriceBased": true,
      "OutputPriceIncrement": 500,
      "OutputPriceMultiplier": 1.00,
      "Sounds": ["Ship"],
      "OutputColorConfig": {
        "Type": "ObjectDyeColor",
        "Red": 255,
        "Green": 0,
        "Blue": 100,
      },
      "KeepInputParentIndex": true,
  },
  {
      "ProducerName": "Chocolate Swirl Machine",
      "InputIdentifier": "Banana Frozen Yogurt",
      "InputStack": 1,
      "FuelIdentifier": "Chocolate",
      "FuelStack": 1,
      "MinutesUntilReady": 120,
      "OutputIdentifier": "Chocolate Banana Frozen Yogurt",
      "OutputStack": 1,
      "Sounds": ["Ship"],
  },
  {
      "ProducerName": "Chocolate Swirl Machine",
      "InputIdentifier": "Blueberry Frozen Yogurt",
      "InputStack": 1,
      "FuelIdentifier": "Chocolate",
      "FuelStack": 1,
      "MinutesUntilReady": 120,
      "OutputIdentifier": "Chocolate Blueberry Frozen Yogurt",
      "OutputStack": 1,
      "Sounds": ["Ship"],
  },
  {
      "ProducerName": "Chocolate Swirl Machine",
      "InputIdentifier": "Cherry Frozen Yogurt",
      "InputStack": 1,
      "FuelIdentifier": "Chocolate",
      "FuelStack": 1,
      "MinutesUntilReady": 120,
      "OutputIdentifier": "Chocolate Cherry Frozen Yogurt",
      "OutputStack": 1,
      "Sounds": ["Ship"],
  },
  {
      "ProducerName": "Chocolate Swirl Machine",
      "InputIdentifier": "Coconut Frozen Yogurt",
      "InputStack": 1,
      "FuelIdentifier": "Chocolate",
      "FuelStack": 1,
      "MinutesUntilReady": 120,
      "OutputIdentifier": "Chocolate Coconut Frozen Yogurt",
      "OutputStack": 1,
      "Sounds": ["Ship"],
  },
  {
      "ProducerName": "Chocolate Swirl Machine",
      "InputIdentifier": "Hot Pepper Frozen Yogurt",
      "InputStack": 1,
      "FuelIdentifier": "Chocolate",
      "FuelStack": 1,
      "MinutesUntilReady": 120,
      "OutputIdentifier": "Chili Chocolate Frozen Yogurt",
      "OutputStack": 1,
      "Sounds": ["Ship"],
  },
  {
      "ProducerName": "Chocolate Swirl Machine",
      "InputIdentifier": "Orange Frozen Yogurt",
      "InputStack": 1,
      "FuelIdentifier": "Chocolate",
      "FuelStack": 1,
      "MinutesUntilReady": 120,
      "OutputIdentifier": "Chocolate Orange Frozen Yogurt",
      "OutputStack": 1,
      "Sounds": ["Ship"],
  },
  {
      "ProducerName": "Chocolate Swirl Machine",
      "InputIdentifier": "Pineapple Frozen Yogurt",
      "InputStack": 1,
      "FuelIdentifier": "Chocolate",
      "FuelStack": 1,
      "MinutesUntilReady": 120,
      "OutputIdentifier": "Chocolate Pineapple Frozen Yogurt",
      "OutputStack": 1,
      "Sounds": ["Ship"],
  },
  {
      "ProducerName": "Chocolate Swirl Machine",
      "InputIdentifier": "Pomegranate Frozen Yogurt",
      "InputStack": 1,
      "FuelIdentifier": "Chocolate",
      "FuelStack": 1,
      "MinutesUntilReady": 120,
      "OutputIdentifier": "Chocolate Pomegranate Frozen Yogurt",
      "OutputStack": 1,
      "Sounds": ["Ship"],
  },
  {
      "ProducerName": "Chocolate Swirl Machine",
      "InputIdentifier": "Strawberry Frozen Yogurt",
      "InputStack": 1,
      "FuelIdentifier": "Chocolate",
      "FuelStack": 1,
      "MinutesUntilReady": 120,
      "OutputIdentifier": "Chocolate Strawberry Frozen Yogurt",
      "OutputStack": 1,
      "Sounds": ["Ship"],
  },
  {
      "ProducerName": "Chocolate Swirl Machine",
      "InputIdentifier": "Raspberry Frozen Yogurt",
      "InputStack": 1,
      "FuelIdentifier": "Chocolate",
      "FuelStack": 1,
      "MinutesUntilReady": 120,
      "OutputIdentifier": "Chocolate Raspberry Frozen Yogurt",
      "OutputStack": 1,
      "Sounds": ["Ship"],
  },
  // Fruit/Chocolate Combinations - using special fruit froyo flavors
  // These require the Harmony patch to fix things
  
  // To move a flavor out of this section and into the special choco-fruit flavors
  // Need to change PFM rules here
  // And remove the flavor from GenericChocoFruitFroyo in the Harmony patch
  {
      "ProducerName": "Chocolate Swirl Machine",
      "InputIdentifier": "Ancient Fruit Frozen Yogurt",
      "InputStack": 1,
      "FuelIdentifier": "Chocolate",
      "FuelStack": 1,
      "MinutesUntilReady": 120,
      "OutputIdentifier": "Chocolate Swirl Fruit Frozen Yogurt",
      "OutputName": "Chocolate-{inputName} Frozen Yogurt",
      "OutputTranslationKey": "ChocoSwirlFroyo.ChocoFruitFroyo",
      "OutputStack": 1,
      "InputPriceBased": true,
      "OutputPriceIncrement": 500,
      "OutputPriceMultiplier": 1.00,
      "Sounds": ["Ship"],
      "OutputColorConfig": {
        "Type": "ObjectDyeColor",
        "Red": 255,
        "Green": 0,
        "Blue": 100,
      },
  },
  {
      "ProducerName": "Chocolate Swirl Machine",
      "InputIdentifier": "Apple Frozen Yogurt",
      "InputStack": 1,
      "FuelIdentifier": "Chocolate",
      "FuelStack": 1,
      "MinutesUntilReady": 120,
      "OutputIdentifier": "Chocolate Swirl Fruit Frozen Yogurt",
      "OutputName": "Chocolate-{inputName} Frozen Yogurt",
      "OutputTranslationKey": "ChocoSwirlFroyo.ChocoFruitFroyo",
      "OutputStack": 1,
      "InputPriceBased": true,
      "OutputPriceIncrement": 500,
      "OutputPriceMultiplier": 1.00,
      "Sounds": ["Ship"],
      "OutputColorConfig": {
        "Type": "ObjectDyeColor",
        "Red": 255,
        "Green": 0,
        "Blue": 100,
      },
  },
  {
      "ProducerName": "Chocolate Swirl Machine",
      "InputIdentifier": "Blackberry Frozen Yogurt",
      "InputStack": 1,
      "FuelIdentifier": "Chocolate",
      "FuelStack": 1,
      "MinutesUntilReady": 120,
      "OutputIdentifier": "Chocolate Swirl Fruit Frozen Yogurt",
      "OutputName": "Chocolate-{inputName} Frozen Yogurt",
      "OutputTranslationKey": "ChocoSwirlFroyo.ChocoFruitFroyo",
      "OutputStack": 1,
      "InputPriceBased": true,
      "OutputPriceIncrement": 500,
      "OutputPriceMultiplier": 1.00,
      "Sounds": ["Ship"],
      "OutputColorConfig": {
        "Type": "ObjectDyeColor",
        "Red": 255,
        "Green": 0,
        "Blue": 100,
      },
  },
  {
      "ProducerName": "Chocolate Swirl Machine",
      "InputIdentifier": "Cactus Fruit Frozen Yogurt",
      "InputStack": 1,
      "FuelIdentifier": "Chocolate",
      "FuelStack": 1,
      "MinutesUntilReady": 120,
      "OutputIdentifier": "Chocolate Swirl Fruit Frozen Yogurt",
      "OutputName": "Chocolate-{inputName} Frozen Yogurt",
      "OutputTranslationKey": "ChocoSwirlFroyo.ChocoFruitFroyo",
      "OutputStack": 1,
      "InputPriceBased": true,
      "OutputPriceIncrement": 500,
      "OutputPriceMultiplier": 1.00,
      "Sounds": ["Ship"],
      "OutputColorConfig": {
        "Type": "ObjectDyeColor",
        "Red": 255,
        "Green": 0,
        "Blue": 100,
      },
  },
  {
      "ProducerName": "Chocolate Swirl Machine",
      "InputIdentifier": "Cranberry Frozen Yogurt",
      "InputStack": 1,
      "FuelIdentifier": "Chocolate",
      "FuelStack": 1,
      "MinutesUntilReady": 120,
      "OutputIdentifier": "Chocolate Swirl Fruit Frozen Yogurt",
      "OutputName": "Chocolate-{inputName} Frozen Yogurt",
      "OutputTranslationKey": "ChocoSwirlFroyo.ChocoFruitFroyo",
      "OutputStack": 1,
      "InputPriceBased": true,
      "OutputPriceIncrement": 500,
      "OutputPriceMultiplier": 1.00,
      "Sounds": ["Ship"],
      "OutputColorConfig": {
        "Type": "ObjectDyeColor",
        "Red": 255,
        "Green": 0,
        "Blue": 100,
      },
  },
  {
      "ProducerName": "Chocolate Swirl Machine",
      "InputIdentifier": "Crystal Fruit Frozen Yogurt",
      "InputStack": 1,
      "FuelIdentifier": "Chocolate",
      "FuelStack": 1,
      "MinutesUntilReady": 120,
      "OutputIdentifier": "Chocolate Swirl Fruit Frozen Yogurt",
      "OutputName": "Chocolate-{inputName} Frozen Yogurt",
      "OutputTranslationKey": "ChocoSwirlFroyo.ChocoFruitFroyo",
      "OutputStack": 1,
      "InputPriceBased": true,
      "OutputPriceIncrement": 500,
      "OutputPriceMultiplier": 1.00,
      "Sounds": ["Ship"],
      "OutputColorConfig": {
        "Type": "ObjectDyeColor",
        "Red": 255,
        "Green": 0,
        "Blue": 100,
      },
  },
  {
      "ProducerName": "Chocolate Swirl Machine",
      "InputIdentifier": "Grape Frozen Yogurt",
      "InputStack": 1,
      "FuelIdentifier": "Chocolate",
      "FuelStack": 1,
      "MinutesUntilReady": 120,
      "OutputIdentifier": "Chocolate Swirl Fruit Frozen Yogurt",
      "OutputName": "Chocolate-{inputName} Frozen Yogurt",
      "OutputTranslationKey": "ChocoSwirlFroyo.ChocoFruitFroyo",
      "OutputStack": 1,
      "InputPriceBased": true,
      "OutputPriceIncrement": 500,
      "OutputPriceMultiplier": 1.00,
      "Sounds": ["Ship"],
      "OutputColorConfig": {
        "Type": "ObjectDyeColor",
        "Red": 255,
        "Green": 0,
        "Blue": 100,
      },
  },
  {
      "ProducerName": "Chocolate Swirl Machine",
      "InputIdentifier": "Mango Frozen Yogurt",
      "InputStack": 1,
      "FuelIdentifier": "Chocolate",
      "FuelStack": 1,
      "MinutesUntilReady": 120,
      "OutputIdentifier": "Chocolate Swirl Fruit Frozen Yogurt",
      "OutputName": "Chocolate-{inputName} Frozen Yogurt",
      "OutputTranslationKey": "ChocoSwirlFroyo.ChocoFruitFroyo",
      "OutputStack": 1,
      "InputPriceBased": true,
      "OutputPriceIncrement": 500,
      "OutputPriceMultiplier": 1.00,
      "Sounds": ["Ship"],
      "OutputColorConfig": {
        "Type": "ObjectDyeColor",
        "Red": 255,
        "Green": 0,
        "Blue": 100,
      },
  },
  {
      "ProducerName": "Chocolate Swirl Machine",
      "InputIdentifier": "Pink Melon Frozen Yogurt",
      "InputStack": 1,
      "FuelIdentifier": "Chocolate",
      "FuelStack": 1,
      "MinutesUntilReady": 120,
      "OutputIdentifier": "Chocolate Swirl Fruit Frozen Yogurt",
      "OutputName": "Chocolate-{inputName} Frozen Yogurt",
      "OutputTranslationKey": "ChocoSwirlFroyo.ChocoFruitFroyo",
      "OutputStack": 1,
      "InputPriceBased": true,
      "OutputPriceIncrement": 500,
      "OutputPriceMultiplier": 1.00,
      "Sounds": ["Ship"],
      "OutputColorConfig": {
        "Type": "ObjectDyeColor",
        "Red": 255,
        "Green": 0,
        "Blue": 100,
      },
  },
  {
      "ProducerName": "Chocolate Swirl Machine",
      "InputIdentifier": "Peach Frozen Yogurt",
      "InputStack": 1,
      "FuelIdentifier": "Chocolate",
      "FuelStack": 1,
      "MinutesUntilReady": 120,
      "OutputIdentifier": "Chocolate Swirl Fruit Frozen Yogurt",
      "OutputName": "Chocolate-{inputName} Frozen Yogurt",
      "OutputTranslationKey": "ChocoSwirlFroyo.ChocoFruitFroyo",
      "OutputStack": 1,
      "InputPriceBased": true,
      "OutputPriceIncrement": 500,
      "OutputPriceMultiplier": 1.00,
      "Sounds": ["Ship"],
      "OutputColorConfig": {
        "Type": "ObjectDyeColor",
        "Red": 255,
        "Green": 0,
        "Blue": 100,
      },
  },
  {
      "ProducerName": "Chocolate Swirl Machine",
      "InputIdentifier": "Qi's Frozen Yogurt",
      "InputStack": 1,
      "FuelIdentifier": "Chocolate",
      "FuelStack": 1,
      "MinutesUntilReady": 120,
      "OutputIdentifier": "Chocolate Swirl Fruit Frozen Yogurt",
      "OutputName": "Chocolate-{inputName} Frozen Yogurt",
      "OutputTranslationKey": "ChocoSwirlFroyo.ChocoFruitFroyo",
      "OutputStack": 1,
      "InputPriceBased": true,
      "OutputPriceIncrement": 500,
      "OutputPriceMultiplier": 1.00,
      "Sounds": ["Ship"],
      "OutputColorConfig": {
        "Type": "ObjectDyeColor",
        "Red": 255,
        "Green": 0,
        "Blue": 100,
      },
  },
  {
      "ProducerName": "Chocolate Swirl Machine",
      "InputIdentifier": "Salmonberry Frozen Yogurt",
      "InputStack": 1,
      "FuelIdentifier": "Chocolate",
      "FuelStack": 1,
      "MinutesUntilReady": 120,
      "OutputIdentifier": "Chocolate Swirl Fruit Frozen Yogurt",
      "OutputName": "Chocolate-{inputName} Frozen Yogurt",
      "OutputTranslationKey": "ChocoSwirlFroyo.ChocoFruitFroyo",
      "OutputStack": 1,
      "InputPriceBased": true,
      "OutputPriceIncrement": 500,
      "OutputPriceMultiplier": 1.00,
      "Sounds": ["Ship"],
      "OutputColorConfig": {
        "Type": "ObjectDyeColor",
        "Red": 255,
        "Green": 0,
        "Blue": 100,
      },
  },
  {
      "ProducerName": "Chocolate Swirl Machine",
      "InputIdentifier": "Spice Berry Frozen Yogurt",
      "InputStack": 1,
      "FuelIdentifier": "Chocolate",
      "FuelStack": 1,
      "MinutesUntilReady": 120,
      "OutputIdentifier": "Chocolate Swirl Fruit Frozen Yogurt",
      "OutputName": "Chocolate-{inputName} Frozen Yogurt",
      "OutputTranslationKey": "ChocoSwirlFroyo.ChocoFruitFroyo",
      "OutputStack": 1,
      "InputPriceBased": true,
      "OutputPriceIncrement": 500,
      "OutputPriceMultiplier": 1.00,
      "Sounds": ["Ship"],
      "OutputColorConfig": {
        "Type": "ObjectDyeColor",
        "Red": 255,
        "Green": 0,
        "Blue": 100,
      },
  },
  {
      "ProducerName": "Chocolate Swirl Machine",
      "InputIdentifier": "Starfruit Frozen Yogurt",
      "InputStack": 1,
      "FuelIdentifier": "Chocolate",
      "FuelStack": 1,
      "MinutesUntilReady": 120,
      "OutputIdentifier": "Chocolate Swirl Fruit Frozen Yogurt",
      "OutputName": "Chocolate-{inputName} Frozen Yogurt",
      "OutputTranslationKey": "ChocoSwirlFroyo.ChocoFruitFroyo",
      "OutputStack": 1,
      "InputPriceBased": true,
      "OutputPriceIncrement": 500,
      "OutputPriceMultiplier": 1.00,
      "Sounds": ["Ship"],
      "OutputColorConfig": {
        "Type": "ObjectDyeColor",
        "Red": 255,
        "Green": 0,
        "Blue": 100,
      },
  },
  {
      "ProducerName": "Chocolate Swirl Machine",
      "InputIdentifier": "Lemon Frozen Yogurt",
      "InputStack": 1,
      "FuelIdentifier": "Chocolate",
      "FuelStack": 1,
      "MinutesUntilReady": 120,
      "OutputIdentifier": "Chocolate Swirl Fruit Frozen Yogurt",
      "OutputName": "Chocolate-{inputName} Frozen Yogurt",
      "OutputTranslationKey": "ChocoSwirlFroyo.ChocoFruitFroyo",
      "OutputStack": 1,
      "InputPriceBased": true,
      "OutputPriceIncrement": 500,
      "OutputPriceMultiplier": 1.00,
      "Sounds": ["Ship"],
      "OutputColorConfig": {
        "Type": "ObjectDyeColor",
        "Red": 255,
        "Green": 0,
        "Blue": 100,
      },
  },
  {
      "ProducerName": "Chocolate Swirl Machine",
      "InputIdentifier": "Lime Frozen Yogurt",
      "InputStack": 1,
      "FuelIdentifier": "Chocolate",
      "FuelStack": 1,
      "MinutesUntilReady": 120,
      "OutputIdentifier": "Chocolate Swirl Fruit Frozen Yogurt",
      "OutputName": "Chocolate-{inputName} Frozen Yogurt",
      "OutputTranslationKey": "ChocoSwirlFroyo.ChocoFruitFroyo",
      "OutputStack": 1,
      "InputPriceBased": true,
      "OutputPriceIncrement": 500,
      "OutputPriceMultiplier": 1.00,
      "Sounds": ["Ship"],
      "OutputColorConfig": {
        "Type": "ObjectDyeColor",
        "Red": 255,
        "Green": 0,
        "Blue": 100,
      },
  },
  {
      "ProducerName": "Chocolate Swirl Machine",
      "InputIdentifier": "Kiwi Frozen Yogurt",
      "InputStack": 1,
      "FuelIdentifier": "Chocolate",
      "FuelStack": 1,
      "MinutesUntilReady": 120,
      "OutputIdentifier": "Chocolate Swirl Fruit Frozen Yogurt",
      "OutputName": "Chocolate-{inputName} Frozen Yogurt",
      "OutputTranslationKey": "ChocoSwirlFroyo.ChocoFruitFroyo",
      "OutputStack": 1,
      "InputPriceBased": true,
      "OutputPriceIncrement": 500,
      "OutputPriceMultiplier": 1.00,
      "Sounds": ["Ship"],
      "OutputColorConfig": {
        "Type": "ObjectDyeColor",
        "Red": 255,
        "Green": 0,
        "Blue": 100,
      },
  },
]