{
    "Name": "Kiwi Frozen Yogurt",
    "Description": "A tangy kiwi frozen yogurt, dotted throughout with tiny crunchy seeds.",
    "Category": "ArtisanGoods",
    "Edibility": 15,
    "Price": 300,
    "IsColored": false,
    "EdibleIsDrink": false,
    "EdibleBuffs": null,
    "EnableWithMod" : "ppja.fruitsandveggies",
    "Recipe": null,
    "HideFromShippingCollection": true,
    "ContextTags":
    [
      "universal_like",
      "color_green",
    ],
    "GiftTastes":
    {
        "Love": [],
        "Like": [],
        "Neutral": [],
        "Dislike": [],
        "Hate": [],
    },
    "NameLocalization":
    {
        "default":"Kiwi Frozen Yogurt",
        //"es": "",
        //"ko": "",
        //"de": "",
        //"fr": "",
        //"hu": "",
        //"it": "",
        //"ja": "",
        //"pt": "",
        //"ru": "",
        //"tr": "",
        //"zh": "",
    },
    "DescriptionLocalization":
    {
        "default": "A tangy kiwi frozen yogurt, dotted throughout with tiny crunchy seeds.",
        //"es": "",
        //"ko": "",
        //"de": "",
        //"fr": "",
        //"hu": "",
        // "it":"",
        //"ja": "",
        //"pt": "",
        //"ru": "",
        //"tr": "",
        //"zh": "",
    },
}