{
    "Name": "Chili Chocolate Frozen Yogurt",
    "Description": "Rich, complex and vibrant combination of chocolate and hot chiles, tempered with smooth frozen yogurt.",
    "Category": "ArtisanGoods",
    "Edibility": 15,
    "Price": 800,
    "IsColored": false,
    "EdibleIsDrink": false,
    "EdibleBuffs": null,
    "Recipe": null,
    "HideFromShippingCollection": true,
    "ContextTags":
    [
      "universal_like",
      "color_red",
    ],
    "GiftTastes":
    {
        "Love": [],
        "Like": [],
        "Neutral": [],
        "Dislike": [],
        "Hate": [],
    },
    "NameLocalization":
    {
        "default":"Chili Chocolate Frozen Yogurt",
        //"es": "",
        //"ko": "",
        //"de": "",
        //"fr": "",
        //"hu": "",
        //"it": "",
        //"ja": "",
        //"pt": "",
        //"ru": "",
        //"tr": "",
        //"zh": "",
    },
    "DescriptionLocalization":
    {
        "default": "Rich, complex and vibrant combination of chocolate and hot chiles, tempered with smooth frozen yogurt.",
        //"es": "",
        //"ko": "",
        //"de": "",
        //"fr": "",
        //"hu": "",
        // "it":"",
        //"ja": "",
        //"pt": "",
        //"ru": "",
        //"tr": "",
        //"zh": "",
    },
}