{
    "Name": "Green Tea Frozen Yogurt",
    "Description": "The yogurt takes off the bitter edge of the green tea, making for a smooth and fragrant dessert.",
    "Category": "ArtisanGoods",
    "Edibility": 15,
    "Price": 420,
    "IsColored": false,
    "EdibleIsDrink": false,
    "EdibleBuffs": null,
    "Recipe": null,
    "HideFromShippingCollection": true,
    "ContextTags":
    [
      "universal_like",
      "color_green",
    ],
    "GiftTastes":
    {
        "Love": [],
        "Like": [],
        "Neutral": [],
        "Dislike": [],
        "Hate": [],
    },
    "NameLocalization":
    {
        "default":"Green Tea Frozen Yogurt",
        //"es": "",
        //"ko": "",
        //"de": "",
        //"fr": "",
        //"hu": "",
        //"it": "",
        //"ja": "",
        //"pt": "",
        //"ru": "",
        //"tr": "",
        //"zh": "",
    },
    "DescriptionLocalization":
    {
        "default": "The yogurt takes off the bitter edge of the green tea, making for a smooth and fragrant dessert.",
        //"es": "",
        //"ko": "",
        //"de": "",
        //"fr": "",
        //"hu": "",
        // "it":"",
        //"ja": "",
        //"pt": "",
        //"ru": "",
        //"tr": "",
        //"zh": "",
    },
}