{
    "Name": "Pink Melon Frozen Yogurt",
    "Description": "Sweet frozen yogurt chock full of melon chunks. Putting an entire melon into the frozen yogurt machine was hard for it to handle.",
    "Category": "ArtisanGoods",
    "Edibility": 15,
    "Price": 575,
    "IsColored": false,
    "EdibleIsDrink": false,
    "EdibleBuffs": null,
    "Recipe": null,
    "HideFromShippingCollection": true,
    "ContextTags":
    [
      "universal_like",
      "color_pink",
    ],
    "GiftTastes":
    {
        "Love": [],
        "Like": [],
        "Neutral": [],
        "Dislike": [],
        "Hate": [],
    },
    "NameLocalization":
    {
        "default":"Pink Melon Frozen Yogurt",
        //"es": "",
        //"ko": "",
        //"de": "",
        //"fr": "",
        //"hu": "",
        //"it": "",
        //"ja": "",
        //"pt": "",
        //"ru": "",
        //"tr": "",
        //"zh": "",
    },
    "DescriptionLocalization":
    {
        "default": "Sweet frozen yogurt chock full of melon chunks. Putting an entire melon into the frozen yogurt machine was hard for it to handle.",
        //"es": "",
        //"ko": "",
        //"de": "",
        //"fr": "",
        //"hu": "",
        // "it":"",
        //"ja": "",
        //"pt": "",
        //"ru": "",
        //"tr": "",
        //"zh": "",
    },
}